strain,stress
0.03699,0.53695
0.0011,0.22789
0.02943,0.51196
0.02573,0.48724
0.0045,0.32312
0.00551,0.345
0.00621,0.33944
0.02447,0.48384
0.04209,0.57805
0.01341,0.41051
0.00941,0.38319
0.01281,0.41074
0.01742,0.4422
0.03323,0.5351
0.03418,0.52708
0.02147,0.46737
0.04845,0.59569
0.02252,0.46839
0.02738,0.50311
0.01967,0.45493
